[{"cabecalho": {"cCodCateg": "1.01.01","cCodLC116": "1.05","cCodServMun": "6203100","cCodigo": "SRV00001","cDescricao": "Plano Básico - Mensal","nIdNBS": "","nPrecoUnit": 139},"descricao": {"cDescrCompleta": "Plano Mensal"},"impostos": {"cRetCOFINS": "N","cRetCSLL": "N","cRetINSS": "N","cRetIR": "N","cRetISS": "N","cRetPIS": "N","lDeduzISS": false,"nAliqCOFINS": 0,"nAliqCSLL": 0,"nAliqINSS": 0,"nAliqIR": 0,"nAliqISS": 0,"nAliqPIS": 0,"nRedBaseCOFINS": 0,"nRedBaseINSS": 0,"nRedBasePIS": 0},"intEditar": {"cCodIntServ": "{{$randomAlphaNumeric}}"}},{"cabecalho": {"cDescricao": "Plano Essencial - Mensal","cCodigo": "SRV00002","cCodServMun": "6203100","cCodLC116": "1.05","nIdNBS": "","nPrecoUnit": 199,"cCodCateg": "1.01.01"},"intEditar": {"cCodIntServ": "{{$randomAlphaNumeric}}"},"descricao": {"cDescrCompleta": "Plano Essencial - Mensal"},"impostos": {"cRetCOFINS": "N","cRetCSLL": "N","cRetINSS": "N","cRetIR": "N","cRetISS": "N","cRetPIS": "N","lDeduzISS": false,"nAliqCOFINS": 0,"nAliqCSLL": 0,"nAliqINSS": 0,"nAliqIR": 0,"nAliqISS": 5,"nAliqPIS": 0,"nRedBaseCOFINS": 0,"nRedBaseINSS": 0,"nRedBasePIS": 0}},{"cabecalho": {"cDescricao": "Plano Premium - Mensal","cCodigo": "SRV00003","cCodServMun": "6203100","cCodLC116": "1.05","nIdNBS": "","nPrecoUnit": 299,"cCodCateg": "1.01.01"},"intEditar": {"cCodIntServ": "{{$randomAlphaNumeric}}"},"descricao": {"cDescrCompleta": "Plano Premium - Mensal"},"impostos": {"cRetCOFINS": "N","cRetCSLL": "N","cRetINSS": "N","cRetIR": "N","cRetISS": "N","cRetPIS": "N","lDeduzISS": false,"nAliqCOFINS": 0,"nAliqCSLL": 0,"nAliqINSS": 0,"nAliqIR": 0,"nAliqISS": 5,"nAliqPIS": 0,"nRedBaseCOFINS": 0,"nRedBaseINSS": 0,"nRedBasePIS": 0}},{"cabecalho": {"cDescricao": "Plano Essencial - Anual","cCodigo": "SRV00004","cCodServMun": "6203100","cCodLC116": "1.05","nIdNBS": "","nPrecoUnit": 1999,"cCodCateg": "1.01.01"},"intEditar": {"cCodIntServ": "{{$randomAlphaNumeric}}"},"descricao": {"cDescrCompleta": "Plano Essencial - Anual"},"impostos": {"cRetCOFINS": "N","cRetCSLL": "N","cRetINSS": "N","cRetIR": "N","cRetISS": "N","cRetPIS": "N","lDeduzISS": false,"nAliqCOFINS": 0,"nAliqCSLL": 0,"nAliqINSS": 0,"nAliqIR": 0,"nAliqISS": 5,"nAliqPIS": 0,"nRedBaseCOFINS": 0,"nRedBaseINSS": 0,"nRedBasePIS": 0}},{"cabecalho": {"cDescricao": "Yooga Edu - Mensal","cCodigo": "SRV00005","cCodServMun": "6203100","cCodLC116": "1.05","nIdNBS": "","nPrecoUnit": 29,"cCodCateg": "1.01.01"},"intEditar": {"cCodIntServ": "{{$randomAlphaNumeric}}"},"descricao": {"cDescrCompleta": "Yooga Edu"},"impostos": {"cRetCOFINS": "N","cRetCSLL": "N","cRetINSS": "N","cRetIR": "N","cRetISS": "N","cRetPIS": "N","lDeduzISS": false,"nAliqCOFINS": 0,"nAliqCSLL": 0,"nAliqINSS": 0,"nAliqIR": 0,"nAliqISS": 5,"nAliqPIS": 0,"nRedBaseCOFINS": 0,"nRedBaseINSS": 0,"nRedBasePIS": 0}},{"cabecalho": {"cDescricao": "Plano Premium - Anual","cCodigo": "SRV00006","cCodServMun": "6203100","cCodLC116": "1.05","nIdNBS": "","nPrecoUnit": 4174.8,"cCodCateg": "1.01.01"},"intEditar": {"cCodIntServ": "{{$randomAlphaNumeric}}"},"descricao": {"cDescrCompleta": "Plano Premium - Anual"},"impostos": {"cRetCOFINS": "N","cRetCSLL": "N","cRetINSS": "N","cRetIR": "N","cRetISS": "N","cRetPIS": "N","lDeduzISS": false,"nAliqCOFINS": 0,"nAliqCSLL": 0,"nAliqINSS": 0,"nAliqIR": 0,"nAliqISS": 5,"nAliqPIS": 0,"nRedBaseCOFINS": 0,"nRedBaseINSS": 0,"nRedBasePIS": 0}},{"cabecalho": {"cDescricao": "Área do contador com robô de notas","cCodigo": "SRV00007","cCodServMun": "6203100","cCodLC116": "1.05","nIdNBS": "","nPrecoUnit": 29,"cCodCateg": "1.01.01"},"intEditar": {"cCodIntServ": "{{$randomAlphaNumeric}}"},"descricao": {"cDescrCompleta": "Área do Contador"},"impostos": {"cRetCOFINS": "N","cRetCSLL": "N","cRetINSS": "N","cRetIR": "N","cRetISS": "N","cRetPIS": "N","lDeduzISS": false,"nAliqCOFINS": 0,"nAliqCSLL": 0,"nAliqINSS": 0,"nAliqIR": 0,"nAliqISS": 5,"nAliqPIS": 0,"nRedBaseCOFINS": 0,"nRedBaseINSS": 0,"nRedBasePIS": 0}}]